{
  "name": "Headhesive.js",
  "version": "1.2.4",
  "homepage": "http://markgoodyear.com/labs/headhesive/",
  "authors": [
    "Mark Goodyear <hello@markgoodyear.com> (http://markgoodyear.com)"
  ],
  "description": "An on-demand sticky header",
  "main": "dist/headhesive.js",
  "keywords": [
    "header",
    "head",
    "sticky",
    "banner",
    "navigation",
    "nav",
    "scroll"
  ],
  "license": "MIT",
  "ignore": [
    "**/.*",
    "node_modules",
    "bower_components",
    "test",
    "demo",
    "tests"
  ],
  "_release": "1.2.4",
  "_resolution": {
    "type": "version",
    "tag": "v1.2.4",
    "commit": "2fa3e6dc55648af210583281b624137f5bcb3cf7"
  },
  "_source": "https://github.com/markgoodyear/headhesive.js.git",
  "_target": "^1.2.4",
  "_originalSource": "headhesive.js",
  "_direct": true
}